ip,anonymityLevel,asn,country,isp,latency,org,port,protocols,responseTime,speed,updated_at,upTime,upTimeSuccessCount,upTimeTryCount
"41.60.232.18","elite","AS30844","KE","Maintainer Liquid Telecommunications Operations Limited","290","Liquid Telecommunications Operations Limited","5678","socks4","3501","87","2023-11-27T03:13:31.302Z","84","4194","4996"
"45.231.30.254","elite","AS267188","BR","Net Info Informatica Ltda","226","Net Info Informatica Ltda","4153","socks4","1011","1","2023-11-27T03:13:31.297Z","55","2682","4877"
"104.21.85.109","elite","AS13335","CA","Cloudflare, Inc.","3","Cloudflare, Inc.","80","socks4","5086","1","2023-11-27T03:13:31.395Z","100","4929","4929"
"45.70.204.21","elite","AS267586","BR","Rafael Pierre Barbosa - Me","174","Rafael Pierre Barbosa - Me","4145","socks4","4985","1","2023-11-27T03:13:31.308Z","100","4881","4893"
"142.93.167.100","elite","AS14061","DE","DigitalOcean, LLC","24","DigitalOcean, LLC","61042","socks5","3802","1","2023-11-27T03:13:28.406Z","89","4261","4768"
"45.70.237.139","elite","AS52468","EC","Ufinet Panama S.A.","164","Negocios Y Telefonia Nedetel S.A","4145","socks4","4705","83","2023-11-27T03:13:28.402Z","100","4917","4938"
"104.16.108.204","elite","AS13335","CA","Cloudflare, Inc.","3","Cloudflare, Inc.","80","socks4","4503","1","2023-11-27T03:13:28.495Z","100","4908","4909"
"176.57.189.116","elite","AS51167","DE","Contabo GmbH","15","Contabo GmbH","10898","socks4","4797","1","2023-11-27T03:13:28.699Z","100","4870","4876"
"49.49.91.24","elite","AS45629","TH","Triple T Broadband Public Company Limited","196","Triple T Broadband Public Company Limited","5678","socks4","4494","2","2023-11-27T03:13:28.696Z","99","4896","4938"
"182.160.124.106","elite","AS24323","BD","Aamra Networks Limited","193","N/A","5678","socks4","4394","1","2023-11-27T03:13:25.599Z","89","4311","4829"
"157.185.176.44","elite","AS54994","US","Meteverse Limited.","94","Meteverse Limited","26589","socks5","912","1","2023-11-27T03:13:25.202Z","99","4766","4803"
"43.134.188.89","elite","AS132203","SG","Aceville Pte.ltd","327","N/A","38279","socks4","4595","2","2023-11-27T03:13:25.000Z","86","4230","4898"
"176.115.14.32","elite","AS58350","PL","PHU Classcom Sp. z o.o.","86","PHU Classcom Sp. z o.o","5678","socks4","4299","1","2023-11-27T03:13:25.609Z","100","4972","4989"
"178.212.51.79","elite","AS197025","PL","Lubuskie Sieci Swiatlowodowe Sp. z o. o.","85","Lubuskie Sieci Swiatlowodowe Sp. z o. o","5678","socks4","4801","2","2023-11-27T03:13:25.606Z","100","4898","4921"
"103.9.188.138","elite","AS38901","KH","EZECOM limited","221","EZECOM limited","52269","socks4","2901","1","2023-11-27T03:13:25.602Z","98","4848","4969"
"5.202.120.214","elite","AS49100","IR","Pishgaman Toseeh Ertebatat Company (Private Joint Stock)","110","PTE","5678","socks5","4196","1","2023-11-27T03:13:25.196Z","40","1960","4850"
"43.128.51.21","elite","AS132203","HK","Aceville Pte.ltd","297","N/A","8765","socks5","5104","1","2023-11-27T03:13:25.102Z","100","4918","4938"
"201.20.88.5","elite","AS28598","BR","MOB SERVICOS DE TELECOMUNICACOES S.A.","384","MOB SERVICOS DE TELECOMUNICACOES S.A","3128","socks4","1606","2","2023-11-27T03:13:24.997Z","100","4914","4929"
"43.240.113.88","elite","AS38794","TH","United Information Highway Co., Ltd.","191","United Information Highway Co., Ltd","46755","socks4","4489","1","2023-11-27T03:13:22.296Z","99","4882","4923"
"104.17.166.210","elite","AS13335","CA","Cloudflare, Inc.","79","Cloudflare, Inc.","80","socks4","4002","1","2023-11-27T03:13:22.216Z","100","4888","4888"
"200.116.198.160","elite","AS13489","CO","EPM Telecomunicaciones S.A. E.S.P","173","Mpio Manizales","58927","socks4","1675","2","2023-11-27T03:13:22.207Z","84","4142","4934"
"176.9.32.84","elite","AS24940","DE","Hetzner Online GmbH","23","Hetzner","22000","socks4","493","78","2023-11-27T03:13:19.599Z","100","4972","4977"
"1.179.242.33","elite","AS23969","TH","TOT Public Company Limited","168","TOT Public Company Limited","4145","socks4","5196","1","2023-11-27T03:13:19.230Z","84","4186","4987"
"91.198.137.31","elite","AS42927","PL","HOST1","29","Adrian Andreas Zajonz","3580","socks4","4996","3","2023-11-27T03:13:19.602Z","100","4988","4993"
"103.47.93.211","elite","AS134058","IN","Broban Internet Services Pvt.ltd","285","Broban  PVT Ltd.","1080","socks4","1091","1","2023-11-27T03:13:19.232Z","99","4863","4902"
"27.123.1.37","elite","AS45706","ID","PT Tele Globe Global","198","N/A","4153","socks4","4891","1","2023-11-27T03:13:19.305Z","99","4911","4940"
"142.93.113.81","elite","AS14061","US","DigitalOcean, LLC","86","DigitalOcean, LLC","7497","socks5","5097","1","2023-11-27T03:13:16.306Z","100","4872","4891"
"181.188.188.131","elite","AS27882","BO","Telefónica Celular de Bolivia S.A.","199","Telefónica Celular de Bolivia S.A","5678","socks4","5200","2","2023-11-27T03:13:16.398Z","98","4848","4959"
"51.15.16.96","elite","AS12876","NL","Online SAS NL","11","SCALEWAY","46919","socks5","4895","2","2023-11-27T03:13:16.303Z","93","4534","4886"
"101.51.83.64","elite","AS23969","TH","TOT Public Company Limited","195","TOT Public Company Limited","4145","socks4","4606","1","2023-11-27T03:13:16.009Z","48","2305","4823"
"165.225.110.77","elite","AS53813","JP","ZSCALER, INC.","294","Zscaler, Inc.","10605","socks4","5186","1","2023-11-27T03:13:16.000Z","95","4595","4835"
"175.229.79.45","elite","AS4766","KR","Korea Telecom","290","Kornet","999","socks4","4598","82","2023-11-27T03:13:16.312Z","67","3284","4904"
"157.185.160.74","elite","AS54994","US","Meteverse Limited.","85","Meteverse Limited","26589","socks5","2803","1","2023-11-27T03:13:15.908Z","100","4719","4725"
"185.92.222.127","elite","AS20473","NL","The Constant Company, LLC","11","Vultr Holdings LLC Amsterdam","9100","socks5","4495","88","2023-11-27T03:13:15.911Z","100","4956","4958"
"174.75.211.194","elite","AS22773","US","Cox Communications Inc.","191","Cox Communications","4145","socks4","615","4","2023-11-27T03:13:13.114Z","36","1721","4824"
"45.56.83.46","elite","AS63949","US","Akamai Technologies, Inc.","187","Linode","8047","socks4","2517","2","2023-11-27T03:13:13.403Z","97","4782","4917"
"103.47.93.250","elite","AS134058","IN","Broban Internet Services Pvt.ltd","194","Broban  PVT Ltd.","1080","socks4","4794","2","2023-11-27T03:13:13.111Z","99","4964","4999"
"38.127.179.34","elite","AS174","US","Cogent Communications","84","Torlandia Trading SRL","11537","socks5","5099","1","2023-11-27T03:13:10.197Z","100","4871","4880"
"213.166.82.158","elite","AS48031","UA","Ivanov Vitaliy Sergeevich","52","Proline IT Ltd","62715","socks4","2513","2","2023-11-27T03:13:10.116Z","100","4824","4838"
"212.34.239.253","elite","AS44395","AM","Ucom CJSC","90","Ucom Gpon Subs","1080","socks4","5106","1","2023-11-27T03:13:09.810Z","99","4946","4976"
"83.142.126.147","elite","AS34169","PL","Media-Com Sp. z o.o.","88","Media-Com Sp. z o.o.","80","socks5","4783","1","2023-11-27T03:13:09.902Z","98","4925","5006"
"88.255.106.26","elite","AS9121","TR","TurkTelekom","74","N/A","10820","socks4","4902","1","2023-11-27T03:13:09.907Z","52","2584","5000"
"101.43.3.207","elite","AS45090","CN","Shenzhen Tencent Computer Systems Company Limited","181","Tencent Cloud Computing (Beijing) Co., Ltd","2080","socks4","784","1","2023-11-27T03:13:09.997Z","69","3356","4851"
"161.35.179.193","elite","AS14061","US","DigitalOcean, LLC","82","DigitalOcean, LLC","59761","socks5","5196","1","2023-11-27T03:13:09.904Z","99","4785","4811"
"124.120.106.86","elite","AS17552","TH","TRUEBB","191","N/A","5678","socks4","3190","5","2023-11-27T03:13:09.797Z","81","3972","4894"
"221.225.152.167","elite","AS4134","CN","CHINANET jiangsu province network","189","N/A","24166","socks5","698","1","2023-11-27T03:13:09.801Z","59","2905","4924"
"171.244.10.204","elite","AS38731","VN","VIETEL","284","Viettel Corporation","21709","socks4","4796","13","2023-11-27T03:13:07.000Z","99","4891","4958"
"182.160.102.149","elite","AS24323","BD","Aamra Networks Limited","188","N/A","3128","socks5","2089","1","2023-11-27T03:13:07.001Z","99","4818","4854"
"144.126.217.189","elite","AS14061","US","DigitalOcean, LLC","164","DigitalOcean, LLC","12345","socks5","4896","2","2023-11-27T03:13:07.001Z","70","3473","4948"
"103.137.8.98","elite","AS138824","ID","STARTEL","166","N/A","4153","socks4","4499","1","2023-11-27T03:13:07.003Z","97","4785","4957"
"114.106.137.191","elite","AS4134","CN","Chinanet","209","Chinanet AH","38801","socks5","1176","1","2023-11-27T03:13:07.006Z","40","1998","5018"
"180.183.1.145","elite","AS45629","TH","Triple T Broadband Public Company Limited","167","Triple T Broadband Public Company Limited","4153","socks4","4599","1","2023-11-27T03:13:06.596Z","93","4497","4824"
"185.161.186.82","elite","AS43618","ES","Inforcelra SLU","33","Inforcelra SLU","54321","socks4","504","2","2023-11-27T03:13:06.699Z","100","4987","4993"
"50.116.14.201","elite","AS63949","US","Akamai Technologies, Inc.","149","Linode","7497","socks5","3801","2","2023-11-27T03:13:06.999Z","100","4861","4866"
"181.13.142.45","elite","AS7303","AR","Telecom Argentina S.A.","295","Frigorifico Industrial Del Norte SA","5678","socks4","3001","2","2023-11-27T03:13:06.504Z","96","4744","4945"
"58.35.208.107","elite","AS4812","CN","China Telecom (Group)","198","Chinanet SH","4812","socks4","5100","3","2023-11-27T03:13:06.998Z","73","3600","4899"
"165.84.180.124","elite","AS10103","HK","Hong Kong Broadband Network Ltd","236","Hong Kong Broadband Network Ltd","45927","socks4","4700","1","2023-11-27T03:13:07.000Z","96","4680","4873"
"79.7.101.98","elite","AS3269","IT","Telecom Italia S.p.A. TIN EASY LITE","103","INTERBUSINESS","5678","socks4","3200","1","2023-11-27T03:13:06.508Z","76","3771","4945"
"202.148.22.106","elite","AS9794","ID","PT. Core Mediatech","286","Dnet","5678","socks4","5006","2","2023-11-27T03:13:06.696Z","99","4871","4934"
"180.210.222.209","elite","N/A","US","Ipxo LLC","14","Ipxo","1080","socks4","176","2","2023-11-27T03:13:03.612Z","62","3046","4909"
"115.239.254.149","elite","AS58461","CN","Chinanet","205","Chinanet ZJ SX","1080","socks5","4211","2","2023-11-27T03:13:02.900Z","84","4146","4931"
"129.205.244.158","elite","AS37678","BW","BOTSWANA FIBRE NETWORKS (Proprietary) Limited","198","BOTSWANA FIBRE NETWORKS (Proprietary) Limited","1080","socks4","4802","1","2023-11-27T03:13:02.911Z","99","4788","4857"
"137.110.161.153","elite","AS7377","US","University of California, San Diego","198","University of California, San Diego","80","socks4","4398","1","2023-11-27T03:13:02.907Z","100","4877","4880"
"202.141.233.166","elite","AS9260","PK","Multinet Broadband","149","Multinet Broadband","48995","socks4","1344","2","2023-11-27T03:12:59.700Z","85","4165","4902"
"43.153.52.170","elite","AS132203","US","Shenzhen Tencent Computer Systems Company Limited","198","Tencent Cloud Computing","443","socks4","4896","1","2023-11-27T03:12:59.306Z","77","3810","4927"
"190.39.195.72","elite","AS8048","VE","CANTV Servicios, Venezuela","196","CANTV Servicios, Venezuela","6588","socks5","4794","85","2023-11-27T03:12:59.396Z","43","2084","4887"
"104.23.141.196","elite","AS13335","CA","Cloudflare, Inc.","3","Cloudflare, Inc.","80","socks4","4099","2","2023-11-27T03:12:59.405Z","100","4878","4878"
"119.28.73.226","elite","AS132203","HK","ComsenzNet","283","Tencent cloud computing (Beijing) Co., Ltd.","30002","socks4","4687","2","2023-11-27T03:12:59.410Z","100","4860","4882"
"109.227.6.197","elite","AS12810","HR","Vipnet","50","N/A","4145","socks5","5001","2","2023-11-27T03:12:59.613Z","31","1498","4908"
"185.46.10.13","elite","AS197695","RU","\"Domain names registrar REG.RU\", Ltd","85","Reg.Ru AG","1080","socks5","5098","1","2023-11-27T03:12:59.399Z","100","4789","4793"
"186.251.255.213","elite","AS267513","BR","Seanet Telecom Carazinho Eireli","211","Seanet Telecom Carazinho Eireli","31337","socks4","416","1","2023-11-27T03:12:59.309Z","100","4866","4886"
"95.179.232.45","elite","AS20473","GB","The Constant Company, LLC","10","Vultr Holdings LLC London","15737","socks5","5195","1","2023-11-27T03:12:59.405Z","88","4272","4845"
"177.70.66.49","elite","AS262544","BR","RazaoInfo Internet Ltda","231","RazaoInfo Internet Ltda","4145","socks4","1090","82","2023-11-27T03:12:59.407Z","99","4836","4867"
"103.81.12.1","elite","AS135792","IN","Syswall Telecom Pvt. Ltd.","148","Syswall Telecom Pvt. Ltd.","44832","socks4","4618","1","2023-11-27T03:12:59.696Z","100","4927","4942"
"103.119.229.130","elite","AS64315","ID","PT MITRA VISIONER PRATAMA","198","PT MITRA VISIONER SOLUSINDO","80","socks4","4802","1","2023-11-27T03:12:59.307Z","96","4728","4941"
"115.84.248.140","elite","AS9658","PH","Eastern Telecommunications Philippines, Inc.","294","Eastern Telecommunications Philippines, Inc","8080","socks4","4311","4","2023-11-27T03:12:59.307Z","98","4759","4858"
"222.255.139.134","elite","AS45899","VN","VNPT Corp","284","VietNam Data Communication Company","5678","socks4","4899","1","2023-11-27T03:12:56.610Z","98","4714","4795"
"36.37.180.59","elite","AS38623","KH","VIETTEL (CAMBODIA) PTE","197","Viettel (cambodia) Pte., Ltd.","1080","socks4","136","1","2023-11-27T03:12:56.698Z","98","4749","4861"
"61.7.138.52","elite","AS131090","TH","CAT Telecom Public Company Limited","234","National Telecom Public Company Limited","5678","socks4","1797","1","2023-11-27T03:12:56.704Z","74","3694","4963"
"110.76.155.145","elite","AS45752","TH","Provincial Waterworks Authority","199","Provincial Waterworks Authority","14153","socks4","4510","1","2023-11-27T03:12:56.706Z","98","4807","4881"
"138.36.86.237","elite","AS264193","BR","Master Telecom","290","Master Telecom","5678","socks4","3314","83","2023-11-27T03:12:56.695Z","79","3905","4914"
"103.47.93.113","elite","AS134058","IN","Broban Internet Services Pvt.ltd","177","Broban  PVT Ltd.","13405","socks4","4795","1","2023-11-27T03:12:54.012Z","99","4927","4963"
"165.225.80.214","elite","AS62044","GB","Zscaler Switzerland GmbH","86","Zscaler, Inc.","10605","socks4","1881","2","2023-11-27T03:12:53.812Z","95","4732","4984"
"45.76.144.30","elite","AS20473","SG","The Constant Company","159","Vultr Holdings, LLC","41086","socks4","4908","1","2023-11-27T03:12:52.800Z","88","4399","4977"
"45.112.125.54","elite","AS58369","ID","FIBERNET","185","N/A","4145","socks4","4788","1","2023-11-27T03:12:52.799Z","99","4938","4997"
"45.224.164.128","elite","AS267662","BR","Porto NET Eireli - EPP","289","Porto NET Eireli - EPP","5678","socks4","2390","1","2023-11-27T03:12:52.800Z","89","4406","4930"
"222.124.130.198","elite","AS7713","ID","Telekomunikasi Indonesia","198","PT. TELKOM INDONESIA","4145","socks4","5083","1","2023-11-27T03:12:52.801Z","82","4025","4929"
"46.227.37.37","elite","AS51155","PL","Telemedian - TB Telecom","93","Telemedian","1088","socks4","5202","1","2023-11-27T03:12:50.998Z","100","4925","4946"
"170.233.176.128","elite","AS52268","AR","Copelco Ltda.","303","Copelco Ltda.","4145","socks4","4690","2","2023-11-27T03:12:50.904Z","98","4754","4835"
"139.177.177.45","elite","AS63949","DE","Akamai Technologies, Inc.","13","Linode","30927","socks5","2804","2","2023-11-27T03:12:50.599Z","90","4395","4873"
"203.217.169.207","elite","AS131207","KH","S.I Group","294","Sigroups","4153","socks4","4692","2","2023-11-27T03:12:50.901Z","96","4694","4915"
"119.18.145.147","elite","AS45326","BD","BBTS Network","186","N/A","45326","socks5","5304","1","2023-11-27T03:12:50.909Z","99","4875","4907"
"89.237.33.97","elite","AS20485","RU","multi-origin SUTTK","90","N/A","51549","socks4","1798","1","2023-11-27T03:12:50.696Z","99","4887","4939"
"202.44.228.36","elite","AS4618","TH","Internet Thailand Company Ltd.","201","Internet Thailand Company Limited","4153","socks4","4815","1","2023-11-27T03:12:50.907Z","49","2404","4893"
"103.254.175.181","elite","AS45117","IN","INPL BB","196","N/A","8080","socks4","2888","1","2023-11-27T03:12:50.995Z","99","4778","4812"
"83.168.84.89","elite","AS35179","PL","ESPOL-FH","65","N/A","4153","socks4","6294","1","2023-11-27T03:12:46.114Z","61","3017","4959"
"110.172.137.20","elite","AS133647","IN","worldphone","161","N/A","4673","socks4","4086","1","2023-11-27T03:12:46.012Z","92","4466","4857"
"203.24.108.179","elite","AS209242","CY","Cloudflare London, LLC","11","Lachtaristo Holdings Limited","80","socks4","3007","1","2023-11-27T03:12:46.011Z","100","4882","4882"
"157.185.178.152","elite","AS54994","CA","Meteverse Limited.","115","Meteverse Limited","26589","socks5","4199","1","2023-11-27T03:12:46.010Z","100","4796","4802"
"142.166.131.50","elite","AS855","CA","Bell Canada","188","Bell Canada","5678","socks4","814","1","2023-11-27T03:12:46.013Z","74","3528","4785"
"144.202.21.190","elite","AS20473","US","The Constant Company","107","Vultr Holdings, LLC","10884","socks4","4397","1","2023-11-27T03:12:46.101Z","78","3791","4853"
"110.78.155.44","elite","AS131090","TH","CAT-BB","286","N/A","4145","socks4","3804","1","2023-11-27T03:12:46.012Z","81","3902","4828"
"197.235.15.249","elite","AS37223","MZ","VM  S.A","298","VM S.A","4153","socks4","163","1","2023-11-27T03:12:46.100Z","66","3280","4991"
"31.134.99.130","elite","AS56656","SK","DetronicsRoute","33","Detronics s.r.o.","1080","socks5","5315","1","2023-11-27T03:12:46.017Z","99","4909","4938"
"185.205.249.24","elite","AS57389","HU","ZNET Telekom Zrt","34","Znettelekom","45264","socks4","5089","1","2023-11-27T03:12:44.811Z","100","4895","4899"
"102.141.91.245","elite","AS328638","ZA","Letaba Wireless Internet CC","196","N/A","5678","socks4","433","1","2023-11-27T03:12:44.800Z","62","3015","4850"
"154.113.161.129","elite","AS37282","NG","Mainone Cable Company","129","Mainone Cable Company","5678","socks4","4992","1","2023-11-27T03:12:44.906Z","100","4903","4912"
"110.78.147.112","elite","AS131090","TH","CAT-BB","257","N/A","4145","socks4","4700","1","2023-11-27T03:12:44.912Z","84","4150","4942"
"110.78.149.12","elite","AS131090","TH","CAT-BB","242","N/A","4145","socks4","4995","2","2023-11-27T03:12:44.909Z","69","3396","4947"
"203.24.102.86","elite","AS209242","VG","Cloudflare London, LLC","12","Anaga Consulting Limited","80","socks4","3088","83","2023-11-27T03:12:44.896Z","100","4937","4939"
"176.57.75.111","elite","AS199634","RU","Yedinaya Setevaya Kompaniya Ltd","53","Esknet","5678","socks4","1608","2","2023-11-27T03:12:44.803Z","99","4894","4956"
"107.173.209.7","elite","AS36352","US","ColoCrossing","92","Hudson Valley Host","80","socks4","5187","1","2023-11-27T03:12:44.903Z","100","4954","4958"
"62.171.153.119","elite","AS51167","DE","Contabo GmbH","19","Contabo GmbH","22273","socks4","3483","1","2023-11-27T03:12:42.097Z","100","4828","4834"
"62.179.9.19","elite","AS6830","PL","UPC Poland","35","N/A","5678","socks5","3708","1","2023-11-27T03:12:42.103Z","100","4840","4848"
"168.205.218.26","elite","AS264869","BR","SPEED MAX TELECOMUNICAÇÕES LTDA ME","228","SPEED MAX TELECOMUNICAÇÕES LTDA ME","4145","socks4","5002","84","2023-11-27T03:12:42.016Z","78","3787","4869"
"61.7.138.71","elite","AS131090","TH","CAT Telecom Public Company Limited","199","National Telecom Public Company Limited","4145","socks4","4899","2","2023-11-27T03:12:42.100Z","88","4227","4811"
"138.197.138.160","elite","AS14061","CA","DigitalOcean, LLC","95","DigitalOcean, LLC","10181","socks5","4803","2","2023-11-27T03:12:41.902Z","100","4962","4964"
"192.252.215.5","elite","AS46562","US","Performive LLC","133","Performive LLC","16137","socks4","191","1","2023-11-27T03:12:41.897Z","99","4773","4844"
"207.178.166.187","elite","AS5033","US","Key Information Systems","200","Educational Message Services","80","socks4","1502","1","2023-11-27T03:12:41.813Z","99","4881","4923"
"36.37.104.98","elite","AS4800","ID","LINTASARTA","193","N/A","34040","socks4","4610","1","2023-11-27T03:12:39.215Z","99","4953","4991"
"174.127.155.118","elite","AS11404","US","Wave Broadband","148","Wave Broadband","32505","socks4","4993","1","2023-11-27T03:12:39.214Z","100","4918","4926"
"85.159.104.220","elite","AS34820","SK","Delta OnLine spol. s.r.o.","33","Lonler, s.r.o","4153","socks4","4791","2","2023-11-27T03:12:38.495Z","100","4904","4928"
"125.24.56.159","elite","AS23969","TH","TOT Public Company Limited","192","TOT Public Company Limited","4145","socks4","1142","2","2023-11-27T03:12:38.196Z","76","3584","4688"
"103.53.63.94","elite","AS24554","IN","Fivenetwork Solution India Pvt Ltd Internet","195","Hi5 Broadband Pvt Ltd","5678","socks4","4985","2","2023-11-27T03:12:38.202Z","99","4887","4931"
"89.191.237.89","elite","AS12389","RU","PJSC Rostelecom","78","PJSC Rostelecom","5678","socks4","3801","1","2023-11-27T03:12:38.504Z","99","4870","4897"
"103.47.93.203","elite","AS134058","IN","Broban Internet Services Pvt.ltd","170","Broban  PVT Ltd.","1080","socks4","4806","1","2023-11-27T03:12:37.203Z","99","4856","4890"
"103.47.93.202","elite","AS134058","IN","Broban Internet Services Pvt.ltd","199","Broban  PVT Ltd.","1080","socks4","1497","1","2023-11-27T03:12:37.202Z","99","4846","4875"
"103.115.255.1","elite","AS137868","BD","Star Internet Service","189","Md. Murad Hossain Ripon","36331","socks4","4890","1","2023-11-27T03:12:37.296Z","98","4683","4789"
"110.78.186.220","elite","AS131090","TH","CAT-BB","290","N/A","4145","socks4","5089","1","2023-11-27T03:12:37.113Z","66","3166","4803"
"103.117.108.89","elite","AS137935","BD","I Link Internet Service (I.T)","206","I Link Internet Service (I.T)","4153","socks4","4399","1","2023-11-27T03:12:32.518Z","98","4845","4931"
"195.16.78.236","elite","AS35067","UA","ProKK SE","30","ProKK","1080","socks4","5004","1","2023-11-27T03:12:32.604Z","97","4777","4946"
"46.227.37.49","elite","AS51155","PL","Telemedian - TB Telecom","40","Telemedian","1088","socks4","405","2","2023-11-27T03:12:32.704Z","100","4797","4808"
"197.245.189.194","elite","AS11845","ZA","Vox Telecom","173","Vox Telecom (Pty) Ltd","5678","socks4","3713","1","2023-11-27T03:12:32.603Z","89","4322","4861"
"178.128.148.69","elite","AS14061","US","DigitalOcean, LLC","85","Digitalocean","3128","socks4","3505","1","2023-11-27T03:12:32.703Z","100","4868","4882"
"172.104.47.98","elite","AS63949","SG","Akamai Technologies","190","Linode","34503","socks4","3006","1","2023-11-27T03:12:32.599Z","99","4870","4934"
"197.234.13.52","elite","AS36902","SC","Intelvision","188","Intelvision Ltd","36902","socks4","328","83","2023-11-27T03:12:32.602Z","100","4820","4841"
"178.128.49.205","elite","AS14061","SG","DigitalOcean, LLC","169","Digitalocean","80","socks4","3799","1","2023-11-27T03:12:31.397Z","100","4892","4895"
"104.19.235.10","elite","AS13335","CA","Cloudflare, Inc.","6","Cloudflare, Inc.","80","socks5","4785","4","2023-11-27T03:12:31.309Z","100","4875","4875"
"172.67.231.3","elite","AS13335","CA","Cloudflare, Inc.","3","Cloudflare, Inc.","80","socks4","3895","1","2023-11-27T03:12:31.303Z","100","4899","4899"
"140.83.52.194","elite","AS31898","JP","Oracle Corporation","292","Oracle Cloud Infrastructure (ap-osaka-1)","31898","socks5","4994","1","2023-11-27T03:12:31.298Z","85","4148","4880"
"178.249.218.34","elite","AS44219","IT","ICCOM s.r.l.","103","N/A","5678","socks5","4000","2","2023-11-27T03:12:31.400Z","95","4638","4896"
"109.251.197.33","elite","AS31148","UA","O3 Core","95","N/A","48805","socks4","3104","1","2023-11-27T03:12:31.312Z","94","4538","4841"
"38.127.173.104","elite","AS174","US","Cogent Communications","78","Torlandia Trading SRL","174","socks4","5007","2","2023-11-27T03:12:29.002Z","100","4851","4858"
"103.87.24.34","elite","AS136287","IN","Falconet Internet Pvt. Ltd","154","N/A","2178","socks4","4297","2","2023-11-27T03:12:28.912Z","99","4898","4939"
"146.59.155.82","elite","AS16276","FR","OVH SAS","6","OVH","16276","socks5","4907","1","2023-11-27T03:12:28.907Z","100","4864","4864"
"1.84.219.135","elite","AS4134","CN","Chinanet","192","Chinanet SN","1081","socks5","4396","2","2023-11-27T03:12:28.909Z","12","557","4827"
"123.131.44.66","elite","AS4837","CN","CNC Group CHINA169 Shandong Province Network","177","N/A","8088","socks4","4997","2","2023-11-27T03:12:28.516Z","74","3612","4902"
"46.149.34.206","elite","AS51973","RU","Koltushsky Internet Ltd","113","Koltushsky Internet Ltd","3629","socks4","5000","1","2023-11-27T03:12:28.513Z","100","4958","4969"
"159.75.49.140","elite","AS45090","CN","Shenzhen Tencent Computer Systems Company Limited","207","Tencent Cloud Computing (Beijing) Co., Ltd","10808","socks4","3391","1","2023-11-27T03:12:28.496Z","85","4120","4834"
"185.244.30.43","elite","AS208476","BY","Freedom for Belarus","79","The PRIVACYFIRST Project","24301","socks4","5092","1","2023-11-27T03:12:28.510Z","99","4949","4977"
"51.68.39.62","elite","AS16276","FR","OVH SAS","84","OVH","58347","socks5","3611","1","2023-11-27T03:12:28.999Z","100","4879","4881"
"129.205.121.196","elite","AS37148","NG","Globacom Limited","107","Enterpise Phc2","5678","socks4","5296","2","2023-11-27T03:12:28.597Z","37","1809","4854"
"112.87.89.192","elite","AS4837","CN","China Unicom CHINA169 Jiangsu Province Network","200","N/A","8089","socks4","4903","1","2023-11-27T03:12:25.716Z","57","2760","4862"
"103.95.97.186","elite","AS136759","BD","Cosmopolitan Communications Limited","213","Cosmopolitan Communications Limited","31244","socks4","5186","2","2023-11-27T03:12:25.800Z","98","4846","4947"
"202.162.214.250","elite","AS9341","ID","PT Indonesia Comnets Plus","200","N/A","3128","socks4","790","1","2023-11-27T03:12:25.717Z","98","4859","4952"
"199.188.89.136","elite","AS64200","US","Vivid-hosting LLC","184","Vivid-hosting LLC","9000","socks4","4990","1","2023-11-27T03:12:25.717Z","100","4873","4879"
"165.84.180.22","elite","AS10103","HK","Hong Kong Broadband Network Ltd","282","Hong Kong Broadband Network Ltd","56695","socks4","4627","1","2023-11-27T03:12:25.717Z","96","4722","4917"
"177.125.204.78","elite","AS262346","BR","FP Telecomunicacoes Ltda","209","FP Telecomunicacoes Ltda","4145","socks4","5001","1","2023-11-27T03:12:24.712Z","74","3636","4903"
"5.180.100.24","elite","AS41813","UA","LLC ONLINETELECOM","51","LLC ONLINETELECOM","5678","socks4","4300","4","2023-11-27T03:12:24.002Z","92","4534","4919"
"103.236.161.51","elite","AS45720","ID","Lembaga Pengelola Dana Bergulir","188","Lembaga Pengelola Dana Bergulir","5430","socks4","2488","1","2023-11-27T03:12:24.709Z","99","4902","4943"
"43.153.174.223","elite","AS132203","JP","Shenzhen Tencent Computer Systems Company Limited","291","Tencent Cloud Computing","443","socks5","4992","2","2023-11-27T03:12:24.798Z","73","3532","4844"
"103.130.113.245","elite","AS138336","BD","The Potato","150","N/A","5678","socks4","4508","1","2023-11-27T03:12:24.008Z","85","4153","4908"
"103.79.96.169","elite","AS64308","ID","PT IndoDev Niaga Internet","198","PT IndoDev Niaga Internet","4153","socks4","3694","1","2023-11-27T03:12:24.005Z","100","4864","4873"
"172.67.253.69","elite","AS13335","CA","Cloudflare, Inc.","3","Cloudflare, Inc.","80","socks4","4885","1","2023-11-27T03:12:23.898Z","100","4927","4928"
"143.244.140.236","elite","AS14061","IN","DigitalOcean, LLC","139","DigitalOcean, LLC","8444","socks4","4517","2","2023-11-27T03:12:23.998Z","98","4822","4917"
"67.197.244.98","elite","AS14615","US","Comporium, Inc","108","Comporium, Inc","17557","socks4","4895","2","2023-11-27T03:12:23.904Z","100","4900","4924"
"209.141.56.216","elite","AS53667","US","FranTech Solutions","188","FranTech Solutions","10898","socks5","4998","1","2023-11-27T03:12:20.799Z","99","4925","4952"
"116.212.142.231","elite","AS38235","KH","MekongNet","199","N/A","33427","socks5","1907","1","2023-11-27T03:12:20.516Z","96","4757","4953"
"46.227.37.17","elite","AS51155","PL","Telemedian - TB Telecom","41","Telemedian","1088","socks4","4904","1","2023-11-27T03:12:20.796Z","100","4890","4903"
"61.130.151.230","elite","AS4134","CN","Chinanet","205","N/A","7302","socks5","2904","1","2023-11-27T03:12:20.709Z","86","4147","4799"
"181.114.232.59","elite","AS265714","CL","TV CABLE DEL SUR LTDA","239","TV CABLE DEL SUR EIRL","31337","socks4","3392","1","2023-11-27T03:12:20.497Z","98","4827","4947"
"103.83.178.205","elite","AS136065","ID","PT SOLUSI TRIMEGAH PERSADA","194","PT SOLUSI TRIMEGAH PERSADA","2016","socks4","5089","1","2023-11-27T03:12:19.107Z","99","4823","4890"
"177.72.82.47","elite","AS262543","BR","Brmom Construindo Conexoes Ltda","280","Brmom Construindo Conexoes Ltda","4153","socks4","5012","1","2023-11-27T03:12:19.108Z","100","4883","4901"
"196.15.237.171","elite","AS5713","ZA","Telkom SA Ltd.","302","Telkom SA Ltd","1888","socks4","4706","1","2023-11-27T03:12:19.110Z","92","4459","4872"
"197.234.13.6","elite","AS36902","SC","Intelvision","196","Intelvision Ltd","4145","socks4","150","1","2023-11-27T03:12:19.108Z","100","4833","4857"
"177.223.238.20","elite","AS52559","BR","Novatec Telecom Ltda","193","Novatec Telecom Ltda","4153","socks4","4810","1","2023-11-27T03:12:19.106Z","99","4853","4891"
"95.110.224.144","elite","AS31034","IT","Aruba S.p.A. Network","91","Aruba S.p.A.","32655","socks4","5188","2","2023-11-27T03:12:17.803Z","26","1253","4884"
"202.91.186.129","elite","AS4808","CN","China Unicom Beijing Province Network","170","Beijing Sunway Xunteng Technology Development Co., Ltd","4145","socks4","3298","2","2023-11-27T03:12:17.799Z","88","4242","4842"
"103.103.143.209","elite","AS136635","IN","G-max It Services Private Limited","188","G-max It Services Private Limited","5678","socks4","4802","2","2023-11-27T03:12:17.312Z","98","4734","4823"
"64.90.50.227","elite","AS26347","US","New Dream Network, LLC","152","New Dream Network, LLC","55552","socks5","2694","1","2023-11-27T03:12:14.402Z","100","4881","4883"
"139.224.117.52","elite","AS37963","CN","Addresses CNNIC","197","Aliyun Computing Co., LTD","2222","socks4","4017","2","2023-11-27T03:12:14.609Z","86","4226","4901"
"110.77.184.98","elite","AS131090","TH","CAT-BB","239","N/A","4145","socks4","4495","2","2023-11-27T03:12:14.408Z","86","4254","4929"
"103.48.58.213","elite","AS58678","IN","SHRIGANESH","199","N/A","8080","socks4","4913","1","2023-11-27T03:12:14.606Z","100","4874","4888"
"119.42.71.103","elite","AS131090","TH","CAT-BB","293","N/A","4145","socks4","3695","1","2023-11-27T03:12:14.399Z","72","3477","4859"
"181.66.37.200","elite","AS6147","PE","Telefonica del Peru S.A.A.","284","Telefonica del Peru S.A.A","4153","socks4","1207","1","2023-11-27T03:12:12.198Z","65","3187","4892"
"67.43.42.117","elite","AS20473","US","The Constant Company, LLC","182","IPXO","8080","socks4","4400","1","2023-11-27T03:12:12.113Z","100","4841","4846"
"180.178.189.38","elite","AS9387","PK","Orient Express LDI Limited","112","Telecom Services","8080","socks4","3387","2","2023-11-27T03:12:12.200Z","93","4644","4994"
"110.139.125.237","elite","AS7713","ID","PT. TELKOM INDONESIA","228","N/A","4145","socks4","1594","2","2023-11-27T03:12:12.204Z","87","4236","4876"
"217.150.40.189","elite","AS20485","RU","TRANS-TELECOM","81","N/A","3128","socks4","3595","1","2023-11-27T03:12:11.196Z","99","4831","4875"
"14.102.61.138","elite","AS133647","IN","WORLDPHONE","192","N/A","59341","socks4","3609","1","2023-11-27T03:12:11.094Z","97","4733","4884"
"45.112.125.55","elite","AS58369","ID","FIBERNET","164","N/A","4145","socks4","5020","2","2023-11-27T03:12:10.799Z","99","4929","4977"
"180.183.204.143","elite","AS45629","TH","Triple T Broadband Public Company Limited","195","Triple T Broadband Public Company Limited","8080","socks4","4104","1","2023-11-27T03:12:10.711Z","92","4526","4916"
"24.147.144.221","elite","AS7015","US","Comcast Cable Communications","108","Comcast Cable Communications Holdings, Inc","15280","socks5","5087","1","2023-11-27T03:12:10.805Z","100","4802","4805"
"212.83.182.139","elite","AS12876","FR","Online","1","Free SAS","5836","socks4","2306","2","2023-11-27T03:12:10.802Z","91","4481","4907"
"183.89.63.31","elite","AS45629","TH","Triple T Broadband Public Company Limited","181","Triple T Broadband Public Company Limited","8080","socks4","4000","1","2023-11-27T03:12:08.111Z","94","4646","4924"
"116.9.163.205","elite","AS4134","CN","Chinanet","223","Chinanet GX","5678","socks4","2935","1","2023-11-27T03:12:08.204Z","46","2260","4913"
"111.172.234.244","elite","AS138982","CN","China Telecom","278","Chinanet HB","23456","socks5","5002","2","2023-11-27T03:12:08.405Z","82","4037","4908"
"183.88.18.60","elite","AS45629","TH","Triple T Broadband Public Company Limited","176","Triple T Broadband Public Company Limited","8080","socks4","1322","2","2023-11-27T03:12:05.208Z","94","4611","4931"
"89.218.152.146","elite","AS9198","KZ","JSC Kazakhtelecom","91","Tookorkem","1080","socks4","696","2","2023-11-27T03:12:05.200Z","75","3698","4905"
"46.227.39.2","elite","AS51155","PL","TB Telecom Sp. z o. o.","88","Telemedian","1088","socks4","4807","1","2023-11-27T03:12:05.217Z","100","4784","4796"
"212.129.42.252","elite","AS12876","FR","Online S.A.S.","0","ONLINE","60111","socks5","96","1","2023-11-27T03:12:05.218Z","100","4966","4966"
"196.27.105.130","elite","AS30969","ZW","Zimbabwe Online (Private) Ltd.","192","ZOL HRE Pppoe","4153","socks4","1300","1","2023-11-27T03:12:05.117Z","95","4625","4864"
"138.36.150.25","elite","AS263729","AR","Pedraza Luis Eduardo","292","Pedraza Luis Eduardo","1080","socks4","4890","4","2023-11-27T03:12:05.200Z","95","4639","4860"
"78.186.98.148","elite","AS9121","TR","TurkTelecom","83","N/A","1080","socks4","2809","1","2023-11-27T03:12:05.216Z","94","4559","4848"
"104.129.205.15","elite","AS22616","US","ZSCALER, INC.","96","Zscaler, Inc.","10289","socks5","5299","1","2023-11-27T03:12:05.398Z","93","4565","4896"
"178.212.49.96","elite","AS197025","PL","Lubuskie Sieci Swiatlowodowe Sp. z o. o.","34","Lubuskie Sieci Swiatlowodowe Sp. z o. o","1080","socks4","414","1","2023-11-27T03:12:05.596Z","98","4756","4837"
"117.241.134.235","elite","AS9829","IN","BSNL Internet","203","N/A","5678","socks4","4995","1","2023-11-27T03:12:05.599Z","96","4718","4911"
"182.100.210.70","elite","AS4134","CN","Chinanet","291","Chinanet JX","44844","socks4","1802","2","2023-11-27T03:12:05.601Z","60","2949","4894"
"51.210.249.202","elite","AS16276","FR","OVH SAS","87","OVH","29439","socks4","1486","1","2023-11-27T03:12:02.595Z","100","4893","4898"
"45.77.210.72","elite","AS20473","US","The Constant Company","137","Vultr Holdings, LLC","11874","socks5","3205","1","2023-11-27T03:12:02.303Z","62","3040","4878"
"104.16.106.234","elite","AS13335","CA","Cloudflare, Inc.","3","Cloudflare, Inc.","80","socks4","4890","1","2023-11-27T03:12:02.211Z","100","4986","4987"
"105.213.167.186","elite","AS16637","ZA","MTN SA","189","MTN SA","5678","socks4","4099","2","2023-11-27T03:12:02.215Z","31","1516","4858"
"58.220.69.212","elite","AS137697","CN","CHINATELECOM JiangSu YangZhou IDC networkdescr: YangZhou, Jiangsu Province, P.","194","Chinanet JS","26589","socks5","4098","1","2023-11-27T03:12:02.207Z","87","4185","4837"
"178.134.71.138","elite","AS35805","GE","JSC \"Silknet\"","97","Silknet - 6","37590","socks4","360","86","2023-11-27T03:12:02.508Z","99","4855","4901"
"104.19.225.70","elite","AS13335","CA","Cloudflare, Inc.","2","Cloudflare, Inc.","80","socks5","2197","1","2023-11-27T03:12:02.299Z","100","4859","4862"
"101.71.154.251","elite","AS4837","CN","China Unicom Zhejiang Province Network","281","N/A","1080","socks5","4193","1","2023-11-27T03:11:59.509Z","88","4383","4960"
"95.140.112.33","elite","AS9125","RS","Orion Telekom Network","39","N/A","1080","socks4","3698","2","2023-11-27T03:11:59.016Z","100","4913","4929"
"182.84.144.147","elite","AS4134","CN","Chinanet","210","Chinanet JX","3256","socks5","589","2","2023-11-27T03:11:59.103Z","36","1730","4845"
"24.14.164.57","elite","AS33491","US","Comcast Cable Communications, LLC","108","Comcast Cable Communications","8205","socks4","2807","3","2023-11-27T03:11:59.101Z","100","4825","4827"
"5.252.179.222","elite","AS39798","RU","MivoCloud Russia","50","MivoCloud SRL","32109","socks5","4892","1","2023-11-27T03:11:59.512Z","100","4781","4799"
"177.222.146.125","elite","AS28208","BR","Superline Telecomunicações Ltda","292","Superline Telecomunicações Ltda","5678","socks4","2893","1","2023-11-27T03:11:58.102Z","96","4623","4818"
"179.107.83.235","elite","AS52545","BR","BJ NET Provedor de Internet Ltda. - ME","207","BJ NET Provedor de Internet Ltda. - ME","5678","socks4","446","1","2023-11-27T03:11:58.018Z","99","4909","4954"
"51.15.190.163","elite","AS12876","FR","SCALEWAY","1","ONLINE","14522","socks5","5287","1","2023-11-27T03:11:58.113Z","87","4186","4795"
"194.195.240.60","elite","AS63949","DE","Akamai Technologies, Inc.","11","Linode","54210","socks4","3592","1","2023-11-27T03:11:58.102Z","87","4200","4833"
"217.115.213.187","elite","AS9050","RO","Orange Romania Communication S.A","48","Orange Romania Communications","4145","socks4","4396","1","2023-11-27T03:11:58.198Z","99","4721","4760"
"23.228.98.157","elite","AS46573","US","LayerHost","199","LayerHost","80","socks5","4394","93","2023-11-27T03:11:58.101Z","65","3187","4905"
"103.235.198.17","elite","AS4007","NP","CCNEP","196","N/A","5678","socks4","4992","3","2023-11-27T03:11:56.205Z","50","2452","4867"
"110.78.152.246","elite","AS131090","TH","CAT-BB","279","N/A","5678","socks4","5304","93","2023-11-27T03:11:56.212Z","60","2924","4880"
"89.237.33.113","elite","AS20485","RU","multi-origin SUTTK","83","N/A","51549","socks4","81","1","2023-11-27T03:11:56.296Z","99","4814","4872"
"202.93.229.2","elite","AS38758","ID","PT. HIPERNET INDODATA","201","Hypernet","8080","socks4","3999","1","2023-11-27T03:11:56.505Z","78","3851","4923"
"65.169.38.73","elite","AS20081","US","NET2ATLANTA.COM LLC","400","Sprint","26592","socks4","1734","2","2023-11-27T03:11:56.209Z","68","3355","4913"
"67.207.75.252","elite","AS14061","DE","DigitalOcean, LLC","21","DigitalOcean, LLC","58927","socks5","4385","3","2023-11-27T03:11:56.501Z","100","4896","4896"
"79.143.191.128","elite","AS51167","DE","Contabo GmbH","17","Contabo GmbH","21631","socks5","4700","83","2023-11-27T03:11:56.509Z","100","4918","4920"
"185.169.181.20","elite","AS34984","TR","Ates Dc","84","Ibrahim MALA trading as Ates Dc","4145","socks4","3899","2","2023-11-27T03:11:53.211Z","100","4898","4908"
"80.78.23.49","elite","AS39287","SE","ab stract","81","ab stract","1080","socks5","5005","1","2023-11-27T03:11:53.216Z","89","4425","4953"
"103.82.8.189","elite","AS136156","BD","FNF Online","187","N/A","4153","socks4","288","92","2023-11-27T03:11:52.907Z","96","4763","4964"
"203.28.8.0","elite","AS209242","CY","Cloudflare London, LLC","91","Lachtaristo Holdings Limited","80","socks4","4992","1","2023-11-27T03:11:51.411Z","100","4947","4947"
"103.214.156.24","elite","AS135339","BD","Fuad Muhammad Shorfuddin","155","N/A","5678","socks4","3498","2","2023-11-27T03:11:51.405Z","89","4327","4875"
"221.132.18.38","elite","AS45899","VN","VNPT","287","Vietnam Posts and Telecommunications Group","80","socks4","4687","83","2023-11-27T03:11:51.409Z","100","4882","4906"
"200.152.107.102","elite","AS21571","BR","MLS Wireless S/A","213","MLS Projetos de Informatica","1080","socks5","5093","1","2023-11-27T03:11:51.406Z","97","4685","4847"
"157.230.177.47","elite","AS14061","US","DigitalOcean, LLC","89","DigitalOcean, LLC","7497","socks5","5094","1","2023-11-27T03:11:51.410Z","80","3844","4823"
"185.200.38.235","elite","AS202561","TR","High Speed Telekomunikasyon ve Hab. Hiz. Ltd. Sti.","65","High Speed Telekomunikasyon ve Hab. Hiz. Ltd. Sti","10820","socks5","4202","1","2023-11-27T03:11:51.411Z","60","2965","4939"
"209.143.1.244","elite","AS7106","US","Com Net, Inc","97","Com","80","socks4","4797","1","2023-11-27T03:11:51.407Z","100","4906","4928"
"46.98.185.160","elite","AS15377","UA","ISP \"Fregat\"","54","N/A","5678","socks4","5291","1","2023-11-27T03:11:51.404Z","47","2307","4954"
"37.233.102.111","elite","AS198717","PL","Techstorage sp. z o.o.","31","Techstorage sp. z o.o.","3128","socks4","5002","2","2023-11-27T03:11:50.309Z","100","4875","4892"
"177.125.160.69","elite","AS262346","BR","FP Telecomunicacoes Ltda","280","FP Telecomunicacoes Ltda","4145","socks4","4306","2","2023-11-27T03:11:50.097Z","71","3512","4958"
"103.5.172.242","elite","AS58427","AF","Global Entourage Services","185","Aftel","58427","socks4","3704","1","2023-11-27T03:11:50.000Z","54","2691","4945"
"35.180.201.66","elite","AS16509","FR","Amazon Technologies Inc.","2","AWS EC2 (eu-west-3)","3128","socks4","5094","94","2023-11-27T03:11:49.907Z","100","4976","4976"
"46.227.37.21","elite","AS51155","PL","Telemedian - TB Telecom","85","Telemedian","1088","socks4","263","1","2023-11-27T03:11:47.204Z","100","4942","4953"
"46.175.4.76","elite","AS39574","SK","Minet s.r.o.","40","Andrex s.r.o","39574","socks5","2591","1","2023-11-27T03:11:47.301Z","100","4921","4942"
"151.237.173.212","elite","AS29072","RU","Regional Digital Telecommunication Company","86","Regional Digital Telecommunication Company","62311","socks5","4994","1","2023-11-27T03:11:47.304Z","99","4858","4916"
"103.47.93.194","elite","AS134058","IN","Broban Internet Services Pvt.ltd","164","Broban  PVT Ltd.","1080","socks4","5200","1","2023-11-27T03:11:46.802Z","99","4953","4988"
"80.59.233.178","elite","AS3352","ES","Telefonica de Espana SAU","25","RIMA (Red IP Multi Acceso)","60008","socks4","4412","1","2023-11-27T03:11:46.800Z","100","4910","4918"
"103.87.201.135","elite","AS58369","ID","PT. Fiber Networks Indonesia","164","PT. GARANSINDO INTER GLOBAL","4145","socks4","4692","1","2023-11-27T03:11:46.712Z","98","4801","4918"
"47.113.179.6","elite","AS37963","CN","Hangzhou Alibaba Advertising Co., Ltd.","284","Aliyun Computing Co., LTD","10705","socks4","3193","1","2023-11-27T03:11:44.815Z","53","2639","4955"
"47.57.115.226","elite","AS45102","HK","Alibaba (US) Technology Co., Ltd.","303","Alibaba.com LLC","9050","socks4","917","5","2023-11-27T03:11:44.813Z","100","4844","4863"
"51.89.194.19","elite","AS16276","GB","OVH SAS","13","OVH Ltd","18786","socks4","4911","2","2023-11-27T03:11:44.102Z","100","4959","4959"
"37.152.163.95","elite","AS198569","IR","Rahanet Zanjan Co. (Private Joint-Stock)","112","Rahanet Zanjan Co.","4153","socks4","5091","2","2023-11-27T03:11:44.104Z","94","4609","4903"
"104.27.37.131","elite","AS13335","CA","Cloudflare, Inc.","81","Cloudflare, Inc.","80","socks4","1107","81","2023-11-27T03:11:44.814Z","100","4861","4863"
"104.25.194.175","elite","AS13335","CA","Cloudflare, Inc.","2","Cloudflare, Inc.","80","socks5","1896","2","2023-11-27T03:11:44.817Z","100","4830","4831"
"104.18.254.76","elite","AS13335","CA","Cloudflare, Inc.","2","Cloudflare, Inc.","80","socks4","1508","1","2023-11-27T03:11:44.813Z","100","4899","4900"
"104.16.25.216","elite","AS13335","CA","Cloudflare, Inc.","94","Cloudflare, Inc.","80","socks5","811","1","2023-11-27T03:11:43.796Z","100","4875","4875"
"5.11.17.230","elite","AS42705","IQ","talia.net","84","Talia Ltd","1080","socks5","4999","1","2023-11-27T03:11:43.611Z","96","4736","4949"
"46.29.116.6","elite","AS44963","RU","KMVtelecom","73","Joint Stock company \"KMVtelecom\"","4145","socks4","3900","1","2023-11-27T03:11:43.695Z","100","4991","5004"
"103.47.93.208","elite","AS134058","IN","Broban Internet Services Pvt.ltd","156","Broban  PVT Ltd.","1080","socks4","4392","1","2023-11-27T03:11:43.711Z","99","4804","4845"
"89.237.34.13","elite","AS20485","RU","multi-origin SUTTK","72","N/A","51549","socks4","3693","1","2023-11-27T03:11:43.800Z","99","4887","4943"
"138.219.223.166","elite","AS263963","BR","Goldweb Barretos serviços de Telecomunicações Ltda","291","Goldweb Barretos serviços de Telecomunicações Ltda","5678","socks4","4791","1","2023-11-27T03:11:40.994Z","98","4867","4951"
"119.18.159.34","elite","AS55685","ID","PT. Jala Lintas Media","184","N/A","4145","socks4","5191","1","2023-11-27T03:11:40.914Z","99","4811","4862"
"149.20.253.81","elite","AS18615","US","Mainstream Fiber Networks, LLC","101","Mainstream Fiber Networks, LLC","12551","socks4","2301","1","2023-11-27T03:11:40.998Z","100","4861","4866"
"79.127.35.243","elite","AS43754","IR","Asiatech Data Transmission company","193","Azad University","5678","socks5","4916","3","2023-11-27T03:11:40.910Z","96","4650","4825"
"103.105.40.241","elite","AS137143","IN","Minnal Digital Network Private Limited","147","Minnal Digital Network Private Limited","4145","socks4","1736","1","2023-11-27T03:11:40.696Z","100","4896","4917"
"51.75.247.54","elite","AS16276","FR","OVH SAS","6","OVH","29237","socks5","1501","1","2023-11-27T03:11:38.399Z","99","4864","4902"
"65.21.150.198","elite","AS24940","FI","Hetzner Online GmbH","38","Hetzner","3068","socks4","2797","2","2023-11-27T03:11:38.410Z","100","4990","4993"
"103.221.254.7","elite","AS135524","BD","Dhaka University","195","university of dhaka","8291","socks4","4707","1","2023-11-27T03:11:38.315Z","46","2269","4979"
"95.68.225.138","elite","AS12389","RU","Ulyanovsk Branch of OJSC VolgaTelecom","62","N/A","1080","socks5","3404","2","2023-11-27T03:11:38.317Z","62","3044","4935"
"36.67.186.76","elite","AS7713","ID","PT. Telekomunikasi Indonesia","175","N/A","61221","socks4","3096","1","2023-11-27T03:11:38.314Z","71","3469","4857"
"213.226.16.46","elite","AS8717","BG","Mobiltel EAD","45","N/A","51372","socks4","5012","1","2023-11-27T03:11:38.318Z","99","4766","4829"
"148.153.23.18","elite","AS63199","US","CDS Global Cloud Co., Ltd","143","CDS Global Cloud Co., Ltd","39593","socks4","4898","2","2023-11-27T03:11:37.403Z","100","4948","4949"
"180.183.1.188","elite","AS45629","TH","Triple T Broadband Public Company Limited","154","Triple T Broadband Public Company Limited","4145","socks4","4806","2","2023-11-27T03:11:37.597Z","98","4727","4836"
"147.182.138.236","elite","AS14061","US","DigitalOcean, LLC","85","DigitalOcean, LLC","53846","socks4","3800","1","2023-11-27T03:11:37.300Z","99","4795","4846"
"93.19.123.228","elite","AS15557","FR","Societe Francaise Du Radiotelephone - SFR SA","6","SFR SA","3128","socks5","3798","2","2023-11-27T03:11:36.211Z","86","4144","4822"
"8.218.205.195","elite","AS45102","HK","Alibaba (US) Technology Co., Ltd.","306","Alibaba.com Singapore E-Commerce Private Limited","5555","socks5","4688","82","2023-11-27T03:11:36.214Z","55","2713","4930"
"170.81.141.49","elite","AS28418","MX","Nueva RED Internet De Mexico S De RL De CV","153","Nueva RED Internet De Mexico S De RL De CV","61437","socks4","3707","1","2023-11-27T03:11:36.300Z","99","4836","4878"
"103.240.33.153","elite","AS132923","IN","Vihaan Telecommunication Pvt. Ltd.","190","Vihaan","8291","socks4","5193","1","2023-11-27T03:11:36.302Z","99","4895","4961"
"5.189.153.171","elite","AS51167","DE","Contabo GmbH","24","Contabo GmbH","51167","socks4","4894","1","2023-11-27T03:11:33.603Z","100","4861","4884"
"110.74.195.33","elite","AS38901","KH","EZECOM limited","191","EZECOM limited","5678","socks4","3718","1","2023-11-27T03:11:33.307Z","96","4734","4956"
"179.107.61.23","elite","AS262346","BR","FP Telecomunicacoes Ltda","286","FP Telecomunicacoes Ltda","4145","socks4","4896","1","2023-11-27T03:11:33.312Z","80","3858","4824"
"14.115.106.116","elite","AS4134","CN","Chinanet","212","Chinanet GD","3629","socks4","3315","2","2023-11-27T03:11:33.304Z","54","2653","4894"
"196.43.97.114","elite","AS37183","ZW","AfOL-Zw","183","N/A","5678","socks4","5197","1","2023-11-27T03:11:30.610Z","98","4848","4956"
"103.112.44.100","elite","AS132669","ID","PT.Globalnet Multi Data","169","N/A","5678","socks4","5098","3","2023-11-27T03:11:30.612Z","97","4793","4941"
"159.65.243.101","elite","AS14061","US","DigitalOcean, LLC","85","Digital Ocean","54321","socks4","4717","1","2023-11-27T03:11:30.008Z","100","4854","4876"
"119.202.6.231","elite","AS4766","KR","Korea Telecom","294","Korea Telecom","1080","socks4","4703","2","2023-11-27T03:11:30.610Z","96","4666","4881"
"165.154.235.178","elite","AS142002","US","Scloud Pte Ltd","183","Scloud Pte Ltd","14200","socks4","5500","2","2023-11-27T03:11:30.299Z","55","2716","4939"
"94.228.253.51","elite","AS15672","RU","TZ-Telecom Address","46","JSC TZ-Telecom","4145","socks4","2998","1","2023-11-27T03:11:30.609Z","100","4785","4798"
"177.223.63.26","elite","AS263500","BR","Star Telecom S/A","281","Star Telecom S/A","52104","socks4","4996","1","2023-11-27T03:11:30.611Z","98","4897","4975"
"197.234.13.57","elite","AS36902","SC","Intelvision","197","Intelvision Ltd","4145","socks4","4809","1","2023-11-27T03:11:30.611Z","99","4882","4909"
"192.154.246.96","elite","AS64200","US","Vivid-hosting LLC","197","Vivid-hosting LLC","9000","socks5","4995","80","2023-11-27T03:11:27.409Z","100","4895","4906"
"86.57.134.64","elite","AS6697","BY","Republican Unitary Telecommunication Enterprise Beltelecom","44","Byfly Gomel","41890","socks4","4698","1","2023-11-27T03:11:27.695Z","99","4910","4960"
"79.154.160.181","elite","AS3352","ES","RIMA (Red IP Multi Acceso)","24","N/A","4145","socks4","2006","1","2023-11-27T03:11:27.308Z","100","4897","4899"
"177.23.184.166","elite","AS52935","BR","Infobarra Solucoes em Informatica Ltda","286","Infobarra Solucoes em Informatica Ltda","52935","socks5","4813","1","2023-11-27T03:11:27.611Z","99","4907","4965"
"149.20.253.40","elite","AS18615","US","Mainstream Fiber Networks, LLC","101","Mainstream Fiber Networks, LLC","12551","socks4","4494","1","2023-11-27T03:11:27.699Z","100","4838","4848"
"182.53.129.19","elite","AS23969","TH","TOT Public Company Limited","155","TOT Public Company Limited","5678","socks4","3303","2","2023-11-27T03:11:27.697Z","46","2217","4830"
"207.188.134.194","elite","AS15704","ES","Xtra Telecom S.A","100","Xtra Telecom S.A","8118","socks4","581","1","2023-11-27T03:11:27.412Z","100","4853","4874"
"45.226.0.2","elite","AS266987","BR","Web - Link Telecomunicações e Engenharia","214","Web - Link Telecomunicações e Engenharia","4153","socks4","5010","1","2023-11-27T03:11:24.016Z","99","4903","4932"
"189.201.189.2","elite","AS28438","MX","ATC HOLDING FIBRA MEXICO, S. DE R.L. DE C.V.","160","ATC HOLDING FIBRA MEXICO, S. DE R.L. DE C.V","4145","socks4","4410","1","2023-11-27T03:11:24.809Z","99","4877","4930"
"157.245.134.203","elite","AS14061","US","DigitalOcean, LLC","86","DigitalOcean, LLC","12851","socks4","2700","2","2023-11-27T03:11:24.803Z","88","4287","4862"
"5.188.188.91","elite","AS202422","ES","G-Core Labs S.A.","21","G-Core Labs S.A","17317","socks4","3115","1","2023-11-27T03:11:24.109Z","98","4862","4944"
"103.248.123.197","elite","AS58906","IN","Shivansh Infotech pvt Ltd","187","Shivansh Infotech pvt Ltd","53281","socks4","5009","1","2023-11-27T03:11:24.017Z","100","4951","4961"
"23.227.38.198","elite","AS13335","CA","Cloudflare, Inc.","3","Shopify, Inc.","80","socks4","4688","1","2023-11-27T03:11:24.017Z","100","4948","4949"
"104.129.205.94","elite","AS22616","US","ZSCALER, INC.","94","Zscaler, Inc.","54321","socks5","4683","1","2023-11-27T03:11:24.405Z","94","4650","4951"
"36.65.74.23","elite","AS7713","ID","PT. Telekomunikasi Indonesia","201","N/A","4145","socks4","3297","1","2023-11-27T03:11:21.606Z","79","3856","4873"
"45.233.1.1","elite","AS267303","BR","Centro Oeste Provedor","298","Centro Oeste Provedor","4153","socks4","4816","1","2023-11-27T03:11:21.603Z","100","4973","4992"
"45.234.100.112","elite","AS61592","BR","Fortlink Internet Corporativa","181","Fortlink Internet Corporativa","1080","socks4","4695","1","2023-11-27T03:11:21.599Z","100","4882","4895"
"41.193.226.57","elite","AS11845","ZA","Vox Telecom Ltd","196","Vox Telecom","5678","socks4","4999","2","2023-11-27T03:11:21.511Z","63","3094","4919"
"186.1.7.13","elite","AS18840","NI","Equipos Y Sistemas S.A.","152","Equipos Y Sistemas S.A","4153","socks4","607","2","2023-11-27T03:11:21.798Z","98","4783","4885"
"114.234.80.209","elite","AS4134","CN","Chinanet","199","Chinanet JS","5678","socks4","6394","1","2023-11-27T03:11:21.807Z","71","3543","5008"
"149.20.253.108","elite","AS18615","US","Mainstream Fiber Networks, LLC","102","Mainstream Fiber Networks, LLC","12551","socks4","3508","88","2023-11-27T03:11:19.104Z","100","4915","4926"
"41.66.252.134","elite","AS29614","GH","Vodafone Ghana","127","MEO Serv Comunicacpera Mult SA","53281","socks5","5097","2","2023-11-27T03:11:19.101Z","85","4148","4874"
"41.73.253.234","elite","AS16284","NG","VBN","144","N/A","4145","socks4","4902","1","2023-11-27T03:11:18.804Z","59","2947","4966"
"46.227.37.113","elite","AS51155","PL","Telemedian - TB Telecom","82","Telemedian","1088","socks4","2399","1","2023-11-27T03:11:17.010Z","100","4816","4838"
"89.186.1.169","elite","AS39716","PL","Artur Sienkiewicz","49","VIP","5678","socks4","4803","1","2023-11-27T03:11:17.008Z","97","4714","4839"
"109.122.88.194","elite","AS41937","RS","RADIJUS VEKTOR Internet network","81","N/A","5678","socks4","5301","1","2023-11-27T03:11:17.009Z","99","4958","4999"
"103.89.235.241","elite","AS136308","IN","Deenet Services Pvt Ltd","169","Deenet Services Pvt Ltd","84","socks4","5197","1","2023-11-27T03:11:16.312Z","99","4718","4744"
"103.120.135.229","elite","AS38235","KH","Angkor Data Communication","294","N/A","33427","socks5","4897","2","2023-11-27T03:11:16.315Z","98","4740","4818"
"185.105.237.11","elite","AS212248","IR","Abolfazl-Shirdel","16","Amnpardaz Soft Corporation","3128","socks5","4894","1","2023-11-27T03:11:16.913Z","100","4818","4839"
"177.128.209.90","elite","AS52873","BR","Softdados Telecomunicações","180","Softdados Telecomunicações","4673","socks4","4108","1","2023-11-27T03:11:16.905Z","100","4909","4911"
"31.42.57.129","elite","AS205318","UA","Limited Liability Company AVATOR ISP","49","\"Merlin-Telekom\" LLC","3699","socks4","4905","2","2023-11-27T03:11:16.395Z","100","4937","4939"
"110.34.166.181","elite","AS45652","SG","VPLS, Inc.","323","Vpls Sin1","4153","socks4","2697","1","2023-11-27T03:11:16.903Z","99","4833","4877"
"86.104.27.175","elite","AS29119","ES","Aire Networks Del Mediterraneo SL Unipersonal","80","Aire Networks Del Mediterraneo SL Unipersonal","7497","socks4","2102","1","2023-11-27T03:11:16.096Z","96","4749","4929"
"198.11.179.15","elite","AS45102","US","Alibaba (US) Technology Co., Ltd.","199","Alibaba.com LLC","8080","socks4","4505","1","2023-11-27T03:11:16.007Z","100","4876","4883"
"43.153.27.113","elite","AS132203","US","Shenzhen Tencent Computer Systems Company Limited","154","Tencent Cloud Computing","443","socks4","2594","1","2023-11-27T03:11:16.905Z","83","4064","4894"
"5.56.103.45","elite","AS8926","MD","JSC \"Moldtelecom\" S.A","50","JSC Moldtelecom S.A.","45747","socks4","4992","83","2023-11-27T03:11:16.308Z","99","4909","4937"
"201.103.115.26","elite","AS8151","MX","Uninet S.A. de C.V.","193","UNINET","3128","socks4","4895","1","2023-11-27T03:11:16.099Z","86","4128","4799"
"1.2.187.124","elite","AS23969","TH","TOT Public Company Limited","192","TOT Public Company Limited","4145","socks4","4711","2","2023-11-27T03:11:13.096Z","61","3013","4918"
"125.209.114.38","elite","AS9260","PK","Multinet 125-114/24","890","Multinet Broadband","5678","socks4","3603","1","2023-11-27T03:11:12.800Z","95","4554","4791"
"110.78.149.20","elite","AS131090","TH","CAT-BB","281","N/A","4145","socks4","5000","1","2023-11-27T03:11:12.708Z","71","3507","4927"
"174.139.46.100","elite","AS35908","US","Krypt Technologies","140","Krypt Technologies","58841","socks4","4681","1","2023-11-27T03:11:12.804Z","83","4111","4929"
"176.102.70.102","elite","AS41929","RU","Sistemy Svyazi Llc","62","Sistemy Svyazi Llc","1080","socks5","1598","2","2023-11-27T03:11:12.798Z","99","4932","4962"
"103.87.170.101","elite","AS55507","IN","Tejays Industries Pvt Ltd","160","Tejays Industries Pvt Ltd","5678","socks4","4797","1","2023-11-27T03:11:10.000Z","55","2691","4932"
"177.136.34.26","elite","AS52871","BR","TASCOM TELECOMUNICAÇÕES LTDA","193","Litel De Almeida Hipolito Junior","4153","socks4","3909","2","2023-11-27T03:11:10.002Z","99","4854","4882"
"36.94.35.245","elite","AS7713","ID","PT. Telekomunikasi Indonesia","282","Telekomunikasi Indonesia","5678","socks5","4800","1","2023-11-27T03:11:10.001Z","98","4793","4880"
"157.230.111.195","elite","AS14061","DE","DigitalOcean, LLC","18","DigitalOcean, LLC","15080","socks4","4903","1","2023-11-27T03:11:10.001Z","99","4900","4940"
"103.199.158.97","elite","AS134318","IN","city broadband network pvt.ltd","184","N/A","41610","socks4","4387","83","2023-11-27T03:11:09.807Z","100","4838","4859"
"104.129.206.65","elite","AS22616","US","ZSCALER, INC.","91","Zscaler, Inc.","8800","socks4","4099","1","2023-11-27T03:11:09.300Z","96","4786","4982"
"103.47.93.238","elite","AS134058","IN","Broban Internet Services Pvt.ltd","196","Broban  PVT Ltd.","1080","socks4","550","1","2023-11-27T03:11:09.212Z","99","4928","4963"
"93.103.8.183","elite","AS34779","SI","T-2 d.o.o.","29","N/A","4153","socks4","4593","2","2023-11-27T03:11:09.296Z","99","4895","4924"
"181.78.13.94","elite","AS52468","CO","IFX Networks Argentina S.R.L","193","UFINET COLOMBIA, S. A","5678","socks4","2400","2","2023-11-27T03:11:09.800Z","99","4957","4992"
"103.90.231.93","elite","AS150698","VN","ONETIDC","289","Onet IDC Company","40797","socks5","632","2","2023-11-27T03:11:09.797Z","98","4892","4970"
"189.219.53.209","elite","AS265594","MX","Television Internacional, S.A. de C.V.","197","Television Internacional, S.A. de C.V","10000","socks4","5092","87","2023-11-27T03:11:06.701Z","100","4843","4844"
"110.34.166.183","elite","AS45652","SG","Krypt Technologies","398","Vpls Sin1","4153","socks4","4708","2","2023-11-27T03:11:06.299Z","99","4915","4964"
"149.28.122.98","elite","AS20473","US","The Constant Company","97","Vultr Holdings, LLC","46560","socks5","5103","1","2023-11-27T03:11:06.302Z","90","4282","4769"
"31.204.28.136","elite","AS209372","US","SIA \"Singularity Telecom\"","93","Popov Andry Vasilievich","5432","socks5","3214","2","2023-11-27T03:11:06.296Z","99","4828","4881"
"191.7.85.206","elite","AS52901","BR","Minas Telecom","180","Minas Telecom","4145","socks4","4905","1","2023-11-27T03:11:06.696Z","40","1957","4880"
"213.197.136.218","elite","AS15440","LT","BALTNET","33","N/A","5678","socks4","2996","89","2023-11-27T03:11:06.305Z","100","4828","4830"
"103.111.55.58","elite","AS9341","ID","PT Indonesia Comnets Plus","191","N/A","8060","socks5","3999","1","2023-11-27T03:11:03.399Z","94","4663","4953"
"113.53.61.69","elite","AS23969","TH","TOT Public Company Limited","191","TOT Public Company Limited","4153","socks4","5085","1","2023-11-27T03:11:03.406Z","72","3559","4960"
"178.236.118.115","elite","AS51151","ES","Comunicaciones Enersol, S.L.","96","COMENERSOL","5678","socks4","1316","2","2023-11-27T03:11:03.402Z","93","4572","4934"
"68.183.232.4","elite","AS14061","SG","DigitalOcean, LLC","195","DigitalOcean, LLC","3128","socks5","5091","1","2023-11-27T03:11:03.408Z","100","4876","4878"
"147.161.166.35","elite","AS62044","GB","Zscaler LON3","9","Zscaler, Inc.","10326","socks4","4391","1","2023-11-27T03:11:03.099Z","97","4704","4857"
"44.190.9.50","elite","AS15102","CA","Corridor Communications, INC.","174","Amateur Radio Digital Communications","48100","socks4","5198","1","2023-11-27T03:11:02.709Z","99","4767","4794"
"134.209.111.155","elite","AS14061","SG","DigitalOcean, LLC","195","DigitalOcean, LLC","7497","socks5","6006","1","2023-11-27T03:11:02.711Z","99","4949","4981"
"188.127.236.58","elite","AS56694","RU","LLC Smart Ape","59","N/A","56694","socks4","3519","2","2023-11-27T03:11:02.712Z","100","4961","4962"
"61.7.138.60","elite","AS131090","TH","CAT Telecom Public Company Limited","229","National Telecom Public Company Limited","4145","socks4","4308","1","2023-11-27T03:11:02.712Z","58","2835","4879"
"46.227.39.1","elite","AS51155","PL","TB Telecom Sp. z o. o.","41","Telemedian","1088","socks4","1383","1","2023-11-27T03:11:02.807Z","100","4833","4845"
"43.153.90.69","elite","AS132203","US","Shenzhen Tencent Computer Systems Company Limited","195","Tencent Cloud Computing","443","socks5","3097","83","2023-11-27T03:11:00.211Z","75","3694","4904"
"1.0.136.207","elite","AS23969","TH","TOT Public Company Limited","158","TOT Public Company Limited","4145","socks4","6000","1","2023-11-27T03:11:00.209Z","43","2092","4892"
"185.202.7.180","elite","AS42871","AT","Michael Gamsjaeger Network","51","N/A","4153","socks4","3295","1","2023-11-27T03:11:00.214Z","62","3027","4868"
"94.45.152.86","elite","AS210421","UA","Kievline LLC","48","LUX LITE LLC","48256","socks4","5501","1","2023-11-27T03:11:00.001Z","97","4775","4923"
"138.94.92.26","elite","AS264145","BR","FACILNET PROVEDOR E SERVIÔOS EIRELI","174","FACILNET PROVEDOR E SERVIÇOS EIRELI","7497","socks5","5090","2","2023-11-27T03:11:00.295Z","98","4794","4902"
"203.150.132.42","elite","AS45752","TH","Internet Thailand Company Ltd","186","INEXT Broadband Company Limited","14153","socks4","3601","1","2023-11-27T03:11:00.207Z","99","4913","4970"
"43.134.204.249","elite","AS132203","HK","Shenzhen Tencent Computer Systems Company Limited","248","Tencent Cloud Computing","33126","socks4","5091","1","2023-11-27T03:11:00.204Z","98","4814","4918"
"109.70.206.42","elite","AS49979","IT","LA Wireless Srl","92","LAwireless","5678","socks4","3806","1","2023-11-27T03:10:59.998Z","99","4859","4925"
"201.20.183.218","elite","AS11835","BR","Nova Fibra Telecom S.A.","191","Nova Fibra Telecom S.A","3128","socks4","3200","1","2023-11-27T03:10:59.905Z","99","4937","4983"
"80.200.67.156","elite","AS5432","BE","Proximus","83","Belgacom SA","15747","socks4","300","2","2023-11-27T03:10:59.797Z","93","4583","4910"
"146.56.150.146","elite","AS31898","KR","Oracle Corporation","299","Oracle Cloud Infrastructure (ap-seoul-1)","32241","socks5","3697","1","2023-11-27T03:10:59.897Z","96","4745","4941"
"103.109.59.209","elite","AS138640","BD","Skynet Chowmuhani","155","N/A","1080","socks4","3898","1","2023-11-27T03:10:57.094Z","98","4850","4932"
"200.8.185.126","elite","AS21826","VE","Corporación Telemic C.A.","149","Corporación Telemic C.A","4145","socks4","3922","2","2023-11-27T03:10:57.002Z","99","4912","4972"
"185.108.164.176","elite","AS56503","IR","PJSC \"Badr Rayan Jonoob\"","200","BadrRayan BornaRayan","58154","socks4","5102","1","2023-11-27T03:10:57.211Z","65","3199","4908"
"218.1.200.180","elite","AS4812","CN","China Telecom","197","N/A","57114","socks5","3502","1","2023-11-27T03:10:57.209Z","47","2317","4887"
"20.205.109.189","elite","AS8075","HK","Microsoft Corporation","185","Microsoft Azure Cloud (eastasia)","3128","socks4","1793","1","2023-11-27T03:10:56.913Z","100","4862","4863"
"43.153.55.205","elite","AS132203","US","Shenzhen Tencent Computer Systems Company Limited","153","Tencent Cloud Computing","443","socks5","462","2","2023-11-27T03:10:56.999Z","84","4146","4909"
"54.39.46.86","elite","AS16276","CA","OVH SAS","86","OVH Hosting, Inc","3128","socks4","2991","1","2023-11-27T03:10:55.610Z","100","4842","4845"
"104.168.87.16","elite","AS36352","US","ColoCrossing","187","RackNerd LLC","1080","socks4","4989","1","2023-11-27T03:10:55.608Z","92","4559","4948"
"150.107.80.2","elite","AS9976","KR","Namincheon Brodcasting Co., Ltd.","294","Namincheon Brodcasting Co., Ltd","80","socks4","4993","1","2023-11-27T03:10:55.610Z","97","4639","4792"
"79.154.189.19","elite","AS3352","ES","RIMA (Red IP Multi Acceso)","85","N/A","8080","socks5","1709","1","2023-11-27T03:10:55.607Z","99","4742","4812"
"103.95.97.43","elite","AS136759","BD","Cosmopolitan Communications Limited","285","Cosmopolitan Communications Limited","4153","socks4","5592","2","2023-11-27T03:10:55.609Z","99","4899","4934"
"185.132.228.237","elite","AS210238","IT","Dieffeitalia.it S.r.l.","32","Dieffeitalia.it S.r.l","21023","socks5","2099","1","2023-11-27T03:10:55.712Z","99","4796","4851"
"162.241.114.39","elite","AS19871","US","Network Solutions, LLC","94","Unified Layer","10249","socks4","3713","1","2023-11-27T03:10:54.307Z","96","4641","4843"
"119.18.152.139","elite","AS55685","ID","PT. Jala Lintas Media","193","N/A","4145","socks4","4903","2","2023-11-27T03:10:54.302Z","99","4945","4998"
"50.116.60.163","elite","AS63949","US","Akamai Technologies, Inc.","83","Linode","37170","socks4","1400","1","2023-11-27T03:10:54.006Z","98","4747","4853"
"190.121.21.211","elite","AS14117","CL","Telefonica del Sur S.A.","300","Telefonica del Sur S.A","51963","socks4","6092","2","2023-11-27T03:10:54.106Z","98","4894","4974"
"185.238.228.240","elite","AS209242","GB","Cloudflare London, LLC","12","Invermae Solutions SL","80","socks4","5102","83","2023-11-27T03:10:54.008Z","100","4959","4959"
"110.78.149.235","elite","AS131090","TH","CAT-BB","297","N/A","4145","socks4","4815","2","2023-11-27T03:10:54.003Z","74","3670","4930"
"70.126.33.226","elite","AS33363","US","Charter Communications","179","Spectrum","47370","socks4","3493","2","2023-11-27T03:10:53.996Z","94","4641","4920"
"186.10.102.218","elite","AS27651","CL","Entel Chile S.A.","294","Entel Chile S.A","5678","socks4","2104","3","2023-11-27T03:10:51.403Z","99","4811","4873"
"37.187.133.177","elite","AS16276","FR","OVH SAS","82","OVH SAS","55083","socks4","904","1","2023-11-27T03:10:51.408Z","81","3966","4905"
"221.2.84.42","elite","AS4837","CN","CNC Group CHINA169 Shandong Province Network","191","Feixian ShiFan College","10800","socks4","2997","3","2023-11-27T03:10:51.406Z","88","4336","4907"
"104.21.124.121","elite","AS13335","CA","Cloudflare, Inc.","2","Cloudflare, Inc.","80","socks4","5099","1","2023-11-27T03:10:51.410Z","100","4914","4916"
"106.75.134.183","elite","AS136958","CN","UCLOUD","280","Shanghai UCloud Information Technology Company Limited","999","socks4","4504","1","2023-11-27T03:10:48.905Z","82","3966","4852"
"193.106.57.96","elite","AS42510","UA","Magic Line","78","PE \"Magic-line\"","5678","socks4","4891","1","2023-11-27T03:10:48.496Z","92","4566","4948"
"45.142.182.99","elite","AS44592","NL","SkyLink Data Center BV","197","XSServer GmbH","1080","socks5","498","1","2023-11-27T03:10:48.917Z","10","501","4852"
"104.27.83.183","elite","AS13335","CA","Cloudflare, Inc.","2","Cloudflare, Inc.","80","socks4","4408","1","2023-11-27T03:10:48.905Z","100","4752","4752"
"201.147.86.225","elite","AS8151","MX","UNINET","187","Gestión de direccionamiento UniNet","3128","socks4","786","4","2023-11-27T03:10:48.709Z","100","4824","4836"
"210.179.101.88","elite","AS4766","KR","Korea Telecom","283","N/A","3128","socks5","4600","2","2023-11-27T03:10:48.500Z","100","4963","4969"
"202.159.35.97","elite","AS9340","ID","PT IndoInternet","162","N/A","443","socks4","1291","2","2023-11-27T03:10:48.508Z","99","4847","4881"
"212.79.107.116","elite","AS8251","CZ","Neutral czFree eXchange members","26","Heaven - CZFree.Net, spol. s r.o.","5678","socks4","1001","1","2023-11-27T03:10:48.902Z","99","4893","4938"
"202.148.30.6","elite","AS38778","ID","PT. Dutakom Wibawa Putra","212","N/A","5678","socks4","5013","2","2023-11-27T03:10:45.001Z","99","4799","4864"
"159.223.177.158","elite","AS14061","US","DigitalOcean, LLC","86","DigitalOcean, LLC","8276","socks5","5286","1","2023-11-27T03:10:45.004Z","53","2604","4875"
"107.161.50.42","elite","AS395092","US","Shock Hosting LLC","86","Shock Hosting LLC","6401","socks4","4601","1","2023-11-27T03:10:44.795Z","100","4955","4966"
"58.246.3.38","elite","AS17621","CN","CNC Group CHINA169 Shanghai Province Network","293","N/A","12350","socks4","4396","1","2023-11-27T03:10:44.714Z","88","4373","4945"
"197.234.13.90","elite","AS36902","SC","Intelvision","168","Intelvision Ltd","4145","socks4","2888","1","2023-11-27T03:10:44.798Z","99","4966","4995"
"45.126.169.185","elite","AS134014","IN","NET 4 U SERVICES PVT LTD","192","NET 4 U Services PVT LTD","4145","socks4","4998","2","2023-11-27T03:10:44.711Z","99","4903","4944"
"122.248.46.253","elite","AS45325","ID","PT PC24 Cyber Indonesia","188","N/A","4145","socks4","4296","87","2023-11-27T03:10:44.800Z","99","4920","4950"
"203.22.223.12","elite","AS209242","CY","Cloudflare London, LLC","11","Lachtaristo Holdings Limited","80","socks4","4901","1","2023-11-27T03:10:42.210Z","100","4832","4832"
"193.169.4.184","elite","AS49261","RU","Lekstar Communication Ltd","57","SVS-Telecom Ltd","10801","socks5","4804","1","2023-11-27T03:10:42.211Z","99","4832","4905"
"175.201.245.187","elite","AS4766","KR","Korea Telecom","281","Kornet","808","socks4","3812","1","2023-11-27T03:10:42.209Z","100","4890","4894"
"43.153.97.127","elite","AS132203","US","Shenzhen Tencent Computer Systems Company Limited","154","Tencent Cloud Computing","24067","socks4","4304","1","2023-11-27T03:10:41.995Z","86","4162","4849"
"110.78.182.221","elite","AS131090","TH","CAT-BB","295","N/A","4145","socks4","3399","2","2023-11-27T03:10:41.596Z","87","4281","4898"
"203.24.109.130","elite","AS209242","BZ","Cloudflare London, LLC","12","Umpire Associates LTD","80","socks5","4995","2","2023-11-27T03:10:41.506Z","100","4879","4879"
"193.242.210.140","elite","AS58329","NL","servinga GmbH","14","servinga GmbH","80","socks4","5398","2","2023-11-27T03:10:41.515Z","100","4866","4866"
"103.47.92.33","elite","AS134058","IN","Broban Internet Services Pvt.ltd","139","Broban  PVT Ltd.","1080","socks4","5298","75","2023-11-27T03:10:41.509Z","99","4745","4788"
"34.120.231.30","elite","AS396982","US","Google LLC","80","Google Cloud","80","socks4","4604","1","2023-11-27T03:10:41.512Z","100","4851","4851"
"64.90.48.27","elite","AS26347","US","New Dream Network, LLC","152","New Dream Network, LLC","24650","socks5","4299","1","2023-11-27T03:10:38.604Z","100","4969","4970"
"173.212.221.21","elite","AS51167","DE","Contabo GmbH","84","Contabo GmbH","27075","socks4","4101","2","2023-11-27T03:10:36.204Z","100","4851","4852"
"118.173.197.241","elite","AS23969","TH","TOT Public Company Limited","188","TOT Public Company Limited","4145","socks4","4299","1","2023-11-27T03:10:36.208Z","99","4887","4927"
"49.51.27.198","elite","AS132203","CA","OPHL","103","Tencent cloud computing (Beijing) Co., Ltd.","443","socks5","2788","1","2023-11-27T03:10:36.198Z","80","3920","4879"
"5.83.94.8","elite","AS29119","ES","Aire Networks Del Mediterraneo SL Unipersonal","59","Onlycable","4153","socks4","4793","1","2023-11-27T03:10:36.201Z","23","1118","4864"
"159.192.145.153","elite","AS131090","TH","CAT-BB","284","N/A","5678","socks4","1091","2","2023-11-27T03:10:36.111Z","38","1879","4938"
"5.39.19.152","elite","AS16276","FR","OVH ISP","6","Caunes Sebastien","46529","socks5","4909","1","2023-11-27T03:10:36.295Z","100","4951","4952"
"84.23.54.47","elite","AS47764","RU","LLC VK","81","VK Cloud Solutions","47764","socks4","3984","1","2023-11-27T03:10:35.613Z","100","4846","4858"
"185.75.161.118","elite","AS204373","PL","POLINEO Sp. z o.o.","99","POLINEO Sp. z o.o","5678","socks4","2408","81","2023-11-27T03:10:35.613Z","99","4903","4966"
"82.117.215.98","elite","AS31042","RS","Serbia BroadBand-Srpske Kablovske mreze d.o.o.","92","SBB Zona Wifi","3629","socks4","2496","2","2023-11-27T03:10:35.513Z","45","2218","4933"
"202.162.219.10","elite","AS9341","ID","PT Indonesia Comnets Plus","175","N/A","1080","socks4","4895","1","2023-11-27T03:10:35.909Z","36","1735","4823"
"180.211.158.90","elite","AS45588","BD","Bangladesh Telecommunications Company Ltd.","196","N/A","5678","socks4","4409","1","2023-11-27T03:10:35.511Z","91","4451","4887"
"103.79.96.201","elite","AS64308","ID","PT IndoDev Niaga Internet","185","PT IndoDev Niaga Internet","4153","socks4","4404","1","2023-11-27T03:10:35.512Z","100","4951","4960"
"88.135.40.26","elite","AS57391","IR","Laser Company Ltd","90","Laser Company Ltd","4153","socks4","4606","1","2023-11-27T03:10:35.995Z","72","3483","4861"
"45.79.193.124","elite","AS63949","US","Akamai Technologies, Inc.","96","Linode","7158","socks5","4709","1","2023-11-27T03:10:35.612Z","98","4777","4884"
"112.109.20.234","elite","AS24521","ID","DATAUTAMANET","196","N/A","4153","socks4","4694","2","2023-11-27T03:10:35.902Z","99","4853","4905"
"187.189.81.144","elite","AS22884","MX","Total Play Telecomunicaciones SA De CV","148","Total Play Telecomunicaciones SA De CV","4153","socks4","5105","1","2023-11-27T03:10:35.599Z","99","4767","4794"
"197.234.13.36","elite","AS36902","SC","Intelvision","164","Intelvision Ltd","4145","socks4","3902","2","2023-11-27T03:10:33.202Z","99","4812","4838"
"1.10.183.22","elite","AS23969","TH","TOT Public Company Limited","154","TOT Public Company Limited","8080","socks5","5935","1","2023-11-27T03:10:33.104Z","62","2965","4794"
"138.197.69.132","elite","AS14061","US","DigitalOcean, LLC","80","Digital Ocean","19260","socks5","4397","90","2023-11-27T03:10:33.214Z","100","4959","4971"
"118.174.209.56","elite","AS23969","TH","TOT Public Company Limited","152","TOT Public Company Limited","4145","socks4","4398","1","2023-11-27T03:10:33.094Z","58","2856","4932"
"46.227.37.149","elite","AS51155","PL","Telemedian - TB Telecom","41","Telemedian","1088","socks4","4994","1","2023-11-27T03:10:33.401Z","100","4956","4968"
"1.10.133.132","elite","AS23969","TH","TOT Public Company Limited","188","Shared Dynamic IP Address for Residential Broadband Services","4145","socks4","5204","2","2023-11-27T03:10:30.704Z","68","3281","4846"
"85.222.67.66","elite","AS6830","PL","ASTER Sp. z o.o.","61","Aster Sp. z o.o.","5678","socks4","4889","1","2023-11-27T03:10:30.707Z","100","4839","4852"
"150.230.62.147","elite","AS31898","JP","Oracle Corporation","294","Oracle Cloud Infrastructure (ap-osaka-1)","2080","socks5","3514","1","2023-11-27T03:10:30.312Z","79","3870","4928"
"37.99.224.225","elite","AS48500","IT","INC-LOW","34","N/A","7497","socks5","1705","1","2023-11-27T03:10:29.003Z","100","4802","4821"
"110.77.236.112","elite","AS131090","TH","CAT Telecom Public Company Limited","295","CAT BBviaOnnet","4153","socks4","4503","1","2023-11-27T03:10:28.911Z","88","4345","4919"
"103.70.206.129","elite","AS135712","IN","Euron Communications Pvt. Ltd","191","Euron Communications Pvt. Ltd.","59311","socks4","4996","1","2023-11-27T03:10:28.909Z","99","4896","4931"
"202.50.202.109","elite","AS55696","ID","PT Starcom Solusindo","291","N/A","48617","socks4","1817","1","2023-11-27T03:10:28.910Z","99","4820","4864"
"49.156.34.190","elite","AS24492","KH","WiCAM Corporation Ltd.","296","WiCAM Corporation Ltd.","24492","socks5","4902","1","2023-11-27T03:10:27.502Z","93","4561","4912"
"176.36.138.238","elite","AS39608","UA","Lanet Network","39","Lanet Network Ltd","1080","socks4","432","1","2023-11-27T03:10:27.698Z","97","4695","4827"
"31.170.19.233","elite","AS42099","LV","DNET ITRisinajumi Ltd.","46","Sia Nano IT","4153","socks4","4305","1","2023-11-27T03:10:26.699Z","99","4946","4972"
"95.140.124.217","elite","AS9125","RS","Drustvo za telekomunikacije Orion telekom doo Beograd, Gandijeva 76a","90","Orion Telekom Network","1080","socks4","695","1","2023-11-27T03:10:26.695Z","100","4900","4901"
"113.160.247.189","elite","AS45899","VN","VietNam Post and Telecom Corporation","195","Vietnam Posts and Telecommunications Group","4145","socks4","4810","3","2023-11-27T03:10:26.512Z","98","4795","4871"
"203.24.109.109","elite","AS209242","BZ","Cloudflare London, LLC","11","Umpire Associates LTD","80","socks4","5411","1","2023-11-27T03:10:26.602Z","100","4942","4943"
"197.234.13.61","elite","AS36902","SC","Intelvision","161","Intelvision Ltd","36902","socks5","4499","83","2023-11-27T03:10:24.101Z","100","4849","4871"
"172.67.209.12","elite","AS13335","CA","Cloudflare, Inc.","2","Cloudflare, Inc.","80","socks5","7301","1","2023-11-27T03:10:23.797Z","100","4841","4841"
"187.193.48.9","elite","N/A","MX","UNINET","162","UNINET","8080","socks4","5108","84","2023-11-27T03:10:23.811Z","15","722","4953"
"182.253.153.68","elite","AS17451","ID","BIZNET","173","N/A","5678","socks4","3511","1","2023-11-27T03:10:23.803Z","91","4485","4951"
"131.100.40.84","elite","AS61754","BR","I3 Telecomunicacoes - EIRELI","206","I3 Telecomunicacoes - EIRELI","5678","socks4","2703","1","2023-11-27T03:10:23.809Z","95","4696","4942"
"34.64.4.27","elite","AS139070","SG","Google Asia Pacific Pte. Ltd.","251","Google LLC","80","socks4","549","2","2023-11-27T03:10:23.801Z","100","4838","4838"
"177.38.5.215","elite","AS52964","BR","FÁBIO MENDES DIAS LTDA ME","204","FÁBIO MENDES DIAS LTDA ME","4153","socks4","998","85","2023-11-27T03:10:22.012Z","88","4402","4999"
"160.226.203.247","elite","AS37542","ZA","Iclix (PTY) Ltd","191","Iclix CO","1080","socks4","4799","1","2023-11-27T03:10:22.013Z","65","3199","4888"
"136.243.148.97","elite","AS24940","DE","Hetzner Online GmbH","88","Hetzner","25928","socks4","4509","2","2023-11-27T03:10:22.012Z","39","1868","4829"
"213.89.48.95","elite","AS1257","SE","CHELLO","50","Com Hem AB","1080","socks4","3299","1","2023-11-27T03:10:22.013Z","98","4857","4938"
"196.216.11.135","elite","AS36913","MW","Telekom Networks Malawi LTD","288","Mpingwe","4673","socks4","5495","1","2023-11-27T03:10:22.011Z","58","2805","4817"
"159.69.43.215","elite","AS24940","DE","Hetzner Online GmbH","15","Hetzner","22139","socks5","4211","1","2023-11-27T03:10:20.795Z","100","4824","4830"
"45.249.101.1","elite","AS135411","BD","Red Grapes Pte Ltd","184","N/A","56457","socks4","2079","1","2023-11-27T03:10:20.198Z","99","4959","4994"
"122.129.107.54","elite","AS38896","ID","Cergis","186","N/A","5678","socks5","4906","1","2023-11-27T03:10:20.798Z","99","4883","4919"
"181.198.32.212","elite","AS27947","EC","Telconet S.A","163","Clientes Quito","4153","socks4","3418","2","2023-11-27T03:10:20.204Z","100","4918","4928"
"58.214.64.68","elite","AS4134","CN","Chinanet","299","Chinanet JS","24388","socks4","2592","1","2023-11-27T03:10:20.195Z","31","1497","4871"
"104.16.226.6","elite","AS13335","US","Cloudflare, Inc.","9","Cloudflare, Inc.","80","socks4","4811","3","2023-11-27T03:10:20.006Z","100","4958","4959"
"150.158.40.180","elite","AS45090","CN","Shenzhen Tencent Computer Systems Company Limited","286","Tencent Cloud Computing (Beijing) Co., Ltd","2080","socks4","4696","1","2023-11-27T03:10:17.110Z","87","4337","4961"
"149.20.253.66","elite","AS18615","US","Mainstream Fiber Networks, LLC","103","Mainstream Fiber Networks, LLC","12551","socks4","4808","1","2023-11-27T03:10:17.101Z","100","4860","4869"
"43.134.167.51","elite","AS132203","SG","Aceville Pte.ltd","398","N/A","443","socks5","3493","1","2023-11-27T03:10:16.707Z","78","3866","4951"
"104.16.108.149","elite","AS13335","CA","Cloudflare, Inc.","4","Cloudflare, Inc.","80","socks4","4997","1","2023-11-27T03:10:16.710Z","100","4758","4758"
"154.113.161.1","elite","AS37282","NG","Mainone Cable Company","200","Mainone Cable Company","5678","socks4","638","2","2023-11-27T03:10:16.712Z","100","4944","4960"
"93.171.224.53","elite","AS211570","UA","PE TV and Radio Company Kentavr-TV","51","PE TV and Radio Company Kentavr-TV","4153","socks4","4513","85","2023-11-27T03:10:15.400Z","99","4801","4828"
"110.77.184.178","elite","AS131090","TH","CAT-BB","297","N/A","4145","socks4","4706","83","2023-11-27T03:10:15.400Z","91","4448","4903"
"45.4.85.150","elite","AS262234","HN","Asociacion De Servicio De Internet S. De RL","188","CIBERNET S. de RL de CV","5678","socks4","4906","3","2023-11-27T03:10:15.321Z","100","4921","4934"
"185.236.46.221","elite","AS50115","UA","TELECOMTRADE","90","N/A","5678","socks4","596","1","2023-11-27T03:10:15.403Z","92","4601","4985"
"173.245.252.206","elite","AS13428","US","Surf Air Wireless, LLC","100","Surf Air Wireless, LLC","54321","socks4","199","4","2023-11-27T03:10:13.610Z","100","4923","4931"
"69.163.166.113","elite","AS26347","US","New Dream Network, LLC","196","New Dream Network, LLC","19761","socks5","2810","1","2023-11-27T03:10:13.711Z","100","4902","4904"
"103.121.89.75","elite","AS135967","VN","Cau Giay Branch of Bach Kim Network solutions Join stock company","218","BKNS-CG","39267","socks5","3989","1","2023-11-27T03:10:13.713Z","96","4702","4903"
"45.8.105.194","elite","AS209242","DE","Cloudflare London, LLC","95","Araxio Development N.V","80","socks4","5398","2","2023-11-27T03:10:13.708Z","100","4831","4831"
"165.255.88.116","elite","AS37611","ZA","Afrihost (Pty) Ltd","202","Axxess Networks","9999","socks5","1229","2","2023-11-27T03:10:10.697Z","30","1456","4932"
"103.60.186.21","elite","AS135729","IN","Digital Telco Network India Pvt. Ltd.","184","Digital Telco Network India Pvt. Ltd.","52195","socks4","3106","1","2023-11-27T03:10:10.703Z","100","4979","4997"
"222.129.35.173","elite","AS4808","CN","China Unicom Beijing Province Network","186","N/A","57114","socks4","2786","1","2023-11-27T03:10:10.913Z","80","3929","4919"
"51.91.21.129","elite","AS16276","FR","OVH SAS","6","OVH","29119","socks5","4184","2","2023-11-27T03:10:10.910Z","100","4932","4932"
"84.236.32.196","elite","AS20845","HU","DIGI Tavkozlesi es Szolgaltato Kft.","79","Digi","8080","socks4","4908","1","2023-11-27T03:10:10.700Z","70","3404","4871"
"185.32.4.65","elite","AS60645","PL","AS Consulting Sp. z o. o.","38","Core Network Fiber","4153","socks4","1191","2","2023-11-27T03:10:10.706Z","99","4898","4927"
"190.109.72.10","elite","AS264231","BR","RG.COM - INFORMATICA & COMUNICACAO LTDA - ME","205","RG.COM - INFORMATICA & COMUNICACAO LTDA - ME","33633","socks4","4995","1","2023-11-27T03:10:08.109Z","99","4896","4953"
"2.135.223.134","elite","AS9198","KZ","JSC Kazakhtelecom","87","Legion","5678","socks4","2006","1","2023-11-27T03:10:08.108Z","95","4639","4906"
"186.211.6.137","elite","AS53156","BR","PortalSAT Telecom","195","eliziane oliveira sobrinho","4145","socks4","385","1","2023-11-27T03:10:08.110Z","99","4857","4930"
"103.214.112.68","elite","AS136052","ID","PT Cloud Hosting Indonesia","275","PT Denbe Anugerah Solusindo","32323","socks5","4612","1","2023-11-27T03:10:08.109Z","96","4658","4850"
"191.102.135.67","elite","AS394474","US","Webline Services","81","Corporate Network","3128","socks4","2406","2","2023-11-27T03:10:08.215Z","82","4018","4887"
"60.223.244.119","elite","AS4837","CN","China Unicom China169 Network","298","N/A","10800","socks4","4994","1","2023-11-27T03:10:08.108Z","87","4165","4800"
"160.202.41.194","elite","AS9341","ID","Jakarta 5 8 Iconpln","193","N/A","4153","socks4","5091","1","2023-11-27T03:10:07.697Z","98","4832","4906"